id,title,description,created_at
0001,クラウドコンピューティングの最新トレンド,クラウドコンピューティングは現代のビジネスに不可欠な要素です。最新のクラウドトレンドを探る。,2023-01-01
0002,サイバーセキュリティベストプラクティス,サイバーセキュリティのベストプラクティスと最新の脅威に対する対策を紹介します。,2023-02-01
0003,AIと機械学習の応用事例,人工知能（AI）と機械学習（ML）の実際のビジネス応用事例を解説。,2023-02-01
0004,ブロックチェーン技術の進化,ブロックチェーン技術の最新進展と業界への影響について考察。,2023-03-01
0005,クラウドネイティブアプリケーションの開発,クラウドネイティブアプリケーションの設計と開発のベストプラクティスを紹介。,2023-03-01
0006,データ分析とビッグデータの活用,ビッグデータ分析の重要性と成功事例を紹介。,2023-03-01
0007,モバイルアプリケーション開発のトレンド,モバイルアプリケーション開発の最新トレンドとツールについて解説。,2023-04-01
0008,クラウドセキュリティ戦略の構築,クラウド環境でのセキュリティ戦略の設計と実施について指南。,2023-05-01
0009,IoTデバイスとスマートシティ,インターネット・オブ・シングス（IoT）のデバイスとスマートシティプロジェクトの展望。,2023-06-01
0010,デジタルトランスフォーメーションの成功事例,デジタルトランスフォーメーションの成功事例とベストプラクティスを紹介。,2023-06-01
